HVAK_specific_7mer,enrich,miR
CTACCTC,3.3047141944508516,"let-7a-5p,let-7b-5p,let-7c-5p,let-7d-5p,let-7e-5p,let-7f-5p,let-7g-5p,let-7i-5p,let-7k,miR-1961,miR-98-5p"
GGTGCTA,3.0184301732299654,"miR-29a-3p,miR-29b-3p,miR-29c-3p"
CTGTTAC,2.862173055838894,miR-194-5p
TACCTCA,2.7959321633180716,"let-7a-5p,let-7b-5p,let-7c-5p,let-7e-5p,let-7f-5p,let-7g-5p,let-7i-5p,let-7j,let-7k,miR-1961,miR-98-5p"
TCTACCT,2.769298106705148,miR-1839-5p
ACTACCT,2.7380570581015418,"miR-196a-5p,miR-196b-5p,miR-3962"
GTGTGTG,2.7311187376458657,
TGTGTGT,2.658990298582091,"miR-669c-3p,miR-672-3p"
TACCTCT,2.657761923554042,"let-7d-5p,miR-202-3p"
GCACTTT,2.622353248554249,"miR-106a-5p,miR-106b-5p,miR-17-5p,miR-20a-5p,miR-20b-5p,miR-290a-3p,miR-291a-3p,miR-291b-3p,miR-292a-3p,miR-294-3p,miR-295-3p,miR-350-5p,miR-6383,miR-93-5p"
TGGTGCT,2.612894935859022,"miR-29a-3p,miR-29b-3p,miR-29c-3p,miR-770-5p"
AGTATTA,2.590222932267631,"miR-200b-3p,miR-200c-3p,miR-429-3p"
CAGTATT,2.5701338251369044,"miR-200b-3p,miR-200c-3p,miR-429-3p"
TAGATAG,2.5297412363462954,
GTGCAAT,2.4222459358610244,"miR-25-3p,miR-32-5p,miR-363-3p,miR-367-3p,miR-92a-3p,miR-92b-3p"
ATGGTGC,2.379479689888013,miR-767
CACTTTA,2.3447993561695037,"miR-106b-5p,miR-20a-5p,miR-6383"
GCTGCTA,2.3403838681509126,"miR-15a-5p,miR-15b-5p,miR-16-5p,miR-195a-5p,miR-195b,miR-503-5p,miR-6353"
TACCTCG,2.3329868317422586,
ATCTACC,2.30785044536123,miR-376a-5p
GATAGAT,2.29740411989459,
AGGTAGG,2.2475286171726694,
TCCGTTA,2.2166032012649706,
TTGGTGC,2.1861315663339314,
TGTTACT,2.159329193505884,
CCTACCT,2.14848839532986,
TGCTGCT,2.133399028821929,"miR-103-3p,miR-107-3p,miR-15a-5p,miR-15b-5p,miR-16-5p,miR-1907,miR-195a-5p,miR-195b,miR-322-5p,miR-497a-5p,miR-6342,miR-6353,miR-6419"
ACCTACC,2.1193846108712773,
GCAGTAT,2.106390329483756,
GGTAGGT,2.07843204695357,
CTGAGCC,2.0567749645708915,"miR-24-3p,miR-5124b,miR-6361,miR-6369,miR-6410,miR-6413"
AACTACC,2.0469506294358157,
TGTTACA,1.9969443582833555,miR-194-5p
TCAGTAT,1.9752490462998002,
GCCGGGA,1.9728506361341926,
TGCAATA,1.9549378180112775,"miR-32-5p,miR-92a-3p,miR-92b-3p"
TTTGCAC,1.9535051934650234,"miR-19a-3p,miR-19b-3p"
TGTTACG,1.9530048373898317,
ACTTGAA,1.9438031380720986,"miR-26a-5p,miR-26b-5p,miR-6371"
TACCTCC,1.939032067896496,
TACGCAC,1.9251171989197096,
TGCACTT,1.919933677524904,"miR-291b-3p,miR-350-5p"
GTGTGAG,1.9183894150991103,miR-342-3p
ATAGATA,1.912769286596732,miR-701-3p
CGCACAA,1.8977770198394845,
GTTGTTG,1.8974073964213065,
CGCACTT,1.8855187056995388,"miR-467c-5p,miR-467d-5p"
GTGCTAA,1.8836919403352312,
