"","baseMean","log2FoldChange","lfcSE","stat","pvalue","padj"
"mmu-let-7a-5p",1428.88307390952,0.357902985697518,0.296448086931106,1.21708273711969,0.223572738071025,0.63962531686545
"mmu-let-7b-3p",7.58479956803696,-0.132919469915538,0.339649514967187,-0.41114970776456,0.680962763025869,0.891495733199339
"mmu-let-7b-5p",4546.05221226326,-0.0532714664166332,0.103090782952589,-0.516683138952937,0.605377368138942,0.861082493748824
"mmu-let-7c-5p",2850.24320185885,-0.0215168220896392,0.0888661546146533,-0.242250704371755,0.808585908420733,0.926549369861424
"mmu-let-7d-3p",270.343358186217,-0.292049670000874,0.202296678779973,-1.43980531843594,0.149922486084097,0.53420492485637
"mmu-let-7d-5p",430.484195974109,0.128331321460335,0.244809211817225,0.533747943259692,0.593515934181729,0.85466294522169
"mmu-let-7e-5p",104.797038097138,-0.257289914344848,0.397977261338379,-0.654553334562928,0.512755377535878,0.846004611583113
"mmu-let-7f-1-3p",2.33227942125876,-0.406601261536177,0.425596376087534,-0.936943467364621,0.348787638444266,0.741633278712478
"mmu-let-7f-2-3p",4.03527852829348,-0.0144002689122104,0.403843142887403,-0.00580887948686452,0.995365210807225,0.997674642850862
"mmu-let-7f-5p",1028.17986977382,-0.0714980595828429,0.316289793328391,-0.225866398739559,0.821305332437048,0.927445184369719
"mmu-let-7g-3p",7.820124739753,-0.318688747221167,0.320666963724148,-0.994594726959853,0.319933413148953,0.739992826852194
"mmu-let-7g-5p",369.504406197594,0.322128623009009,0.18883950473907,1.71547383297582,0.086258388894219,0.423450272753439
"mmu-let-7i-3p",13.1035019741502,0.124529981360251,0.294897517895395,0.439156746473708,0.660547963598445,0.88818843679906
"mmu-let-7i-5p",5566.43790929165,-0.0368428183778523,0.0734094943419638,-0.502127483465717,0.615577848732162,0.863407891728227
"mmu-let-7j",8.04467507470369,0.181211854821719,0.32504178726043,0.559646680890273,0.575720457525018,0.846004611583113
"mmu-let-7k",0.371589901776257,0.0603421450335428,0.302392522876723,0.201508028842311,0.840301352086684,NA
"mmu-miR-100-5p",21.586562929179,0.0771697059680799,0.352911640633536,0.259078078061008,0.795574998651672,0.918952939619044
"mmu-miR-101a-3p",1474.84429177077,0.135880442920128,0.0964807207974082,1.40829168059103,0.159044718107918,0.545296176370003
"mmu-miR-101a-5p",16.1692939318437,0.211062359156592,0.256545878912846,0.822208625882052,0.410958170289165,0.78928611219152
"mmu-miR-101b-3p",2750.2215957917,0.0174271307141111,0.0737039890963458,0.236453348744059,0.813080903252787,0.927445184369719
"mmu-miR-103-1-5p",14.7210264365838,-0.0944869259626311,0.298382086280113,-0.314405219320591,0.753213292554014,0.901352194967685
"mmu-miR-103-2-5p",71.182456403126,-0.0165798180675335,0.204468451857043,-0.0805202507979239,0.935823490719016,0.976468196248435
"mmu-miR-103-3p",1009.96636611746,0.333346752825917,0.163071235944369,2.04329949150784,0.0410227999128733,0.310909641444935
"mmu-miR-106a-5p",15.7370501726106,-0.0106108378131735,0.270949265286616,-0.0406549421318112,0.967570982843376,0.980684435405265
"mmu-miR-106b-3p",493.719927344302,-0.14368087871419,0.126159354348227,-1.13976993210941,0.254382163563175,0.670079845483484
"mmu-miR-106b-5p",1609.98578436498,-0.27680666485096,0.186235472836503,-1.50004837695066,0.133601871659711,0.510761137672524
"mmu-miR-107-3p",55.7085436154161,-0.0266608884646034,0.308170018492963,-0.107862839360917,0.914104494985379,0.967875347631578
"mmu-miR-10a-3p",14.4074009532153,0.754795732945508,0.429058336703725,1.86810369015998,0.0617476193014084,0.364005421345355
"mmu-miR-10a-5p",471.022002372631,0.932631542043346,0.410286344224817,2.35649439270609,0.0184483461675249,0.187895286612343
"mmu-miR-10b-3p",0.592802896557608,0.440234503210375,0.354421824595973,1.26841994584408,0.204648022419344,NA
"mmu-miR-10b-5p",52.2444825695006,0.718056964323977,0.427573763316817,1.86235833784864,0.0625525975063878,0.364005421345355
"mmu-miR-1191b-5p",1.67362485642476,-0.144468748973303,0.428361561868098,-0.334055179636642,0.738337920576592,0.899043640328935
"mmu-miR-1193-3p",0.386967024684942,-0.313308659955254,0.312451598846809,-0.929909884421148,0.352417744786311,NA
"mmu-miR-1193-5p",0.556191389672109,-0.60484376358643,0.354560528550742,-1.57752312006081,0.114675206546001,NA
"mmu-miR-1194",1.18373435711478,0.380472467539004,0.41430666205919,0.967780051508359,0.333154228564215,0.739992826852194
"mmu-miR-1198-3p",0.83815108567171,0.309113504973697,0.36344352562852,0.659778796006417,0.509395792413767,NA
"mmu-miR-1198-5p",910.972142379219,0.0522232439830162,0.15511699529533,0.336137054515943,0.736767516978469,0.899043640328935
"mmu-miR-1199-5p",0.679491811851154,0.123021425900683,0.390279848804243,0.350151984745567,0.726224639065576,NA
"mmu-miR-122-5p",0.427611687707913,-0.22988844812612,0.306617205039175,-0.717350160785252,0.473158063689985,NA
"mmu-miR-1224-5p",1.35760655930143,-0.276901250968447,0.421934062640481,-0.65212912362729,0.514317877704063,0.846004611583113
"mmu-miR-1231-5p",0.429216801742289,-0.157948069369673,0.34676334719502,-0.386416594391268,0.699188162191072,NA
"mmu-miR-1247-5p",39.4840425805581,0.506354400473572,0.352060060059118,1.43868804902411,0.150238926877391,0.53420492485637
"mmu-miR-1249-3p",3.26341213780189,0.49389973963319,0.419982148047921,1.21923318440779,0.222755700179717,0.63962531686545
"mmu-miR-125a-3p",14.0497552679447,-0.704732583510164,0.389508584952362,-1.71654835459015,0.0860617257110239,0.423450272753439
"mmu-miR-125a-5p",333.35092453302,-0.540308824906438,0.34934745556884,-1.57852797354386,0.114444366871742,0.451380216394472
"mmu-miR-125b-1-3p",1.28382716934997,0.264090628641271,0.402382187958667,0.69863098985116,0.484782671573349,0.829903168642858
"mmu-miR-125b-5p",380.454707458045,0.381441445877646,0.370999105366262,1.04349339660644,0.296719837557959,0.723129202522107
"mmu-miR-126a-3p",68.7610564757969,0.202172532586434,0.264445548944228,0.780120052270081,0.435320214506203,0.799128065600217
"mmu-miR-126a-5p",140.378595323256,0.087370523105408,0.265463035679444,0.359262630931997,0.719398626937755,0.899043640328935
"mmu-miR-127-3p",56.5953493692296,-0.648232489100565,0.33191814854985,-1.93835958270813,0.0525793678191797,0.360544236474375
"mmu-miR-128-1-5p",0.316513084663729,-0.0554971537176685,0.258448841443863,-0.214733137810504,0.829975384948107,NA
"mmu-miR-128-3p",43.9309143810989,0.270501604961166,0.171611606984706,1.57639509832893,0.114934777322666,0.451380216394472
"mmu-miR-129-1-3p",0.183222004817326,0.032162990557567,0.230491810763644,0.129131563047676,0.897253547385159,NA
"mmu-miR-1306-3p",10.076436643845,0.144273313374473,0.350132706415157,0.391719218138665,0.695265688572151,0.893102332095125
"mmu-miR-1306-5p",1.7960880821797,0.14917436419581,0.428784697853027,0.392854301044592,0.694427095877635,0.893102332095125
"mmu-miR-130a-3p",61.1249591533879,0.616982520183116,0.291742307709684,2.11560094273523,0.0343787616093126,0.270142972689432
"mmu-miR-130a-5p",0.582875685295057,-0.336353087991525,0.368740073742302,-0.892955320750144,0.371881099803986,NA
"mmu-miR-130b-3p",217.265133158483,0.0254127682893369,0.157780522555647,0.159113696970547,0.873579297075645,0.950595104122616
"mmu-miR-130b-5p",42.3729453369061,0.354016883575792,0.295348079760657,1.26076923404675,0.207392001425954,0.617885135282842
"mmu-miR-132-3p",346.345247682815,-0.987363900420858,0.247957190516834,-3.98375669703309,6.78343237330733e-05,0.00293044278526877
"mmu-miR-132-5p",1.90050453802664,-1.02938293924812,0.429178386313676,-2.27970520780074,0.0226251782344268,0.212479934723313
"mmu-miR-133a-3p",390.357612367325,-1.00961352601205,0.302526831288492,-3.29771869677482,0.000974737340421938,0.0200517395743941
"mmu-miR-133a-5p",0.158344887265076,-0.0727369588815999,0.219778198750314,-0.33095872864199,0.740675660154086,NA
"mmu-miR-134-5p",11.2281772800872,-0.781544438681264,0.416221916452964,-1.87993173526835,0.0601173821239269,0.364005421345355
"mmu-miR-135a-5p",20.0461426328878,-0.483002731135453,0.299792919339434,-1.60367698113714,0.108785272370119,0.451380216394472
"mmu-miR-135b-5p",1971.41108666919,1.04924177935359,0.276338410003272,3.79964403433677,0.000144904074644969,0.00481527386512511
"mmu-miR-136-3p",4.11095925486124,-0.30680514672106,0.421518453756552,-0.747864390690826,0.454541958208762,0.81478060558583
"mmu-miR-136-5p",63.3036586828086,-0.497219890293928,0.240821284422859,-2.07064263228671,0.0383922049939113,0.296168438524458
"mmu-miR-137-3p",39.8070394820149,-0.454707726986296,0.214917318630712,-2.11543132245586,0.0343932025414786,0.270142972689432
"mmu-miR-138-5p",21.8707140571155,-0.259069828429585,0.28569904345785,-0.908470595498067,0.363629642362843,0.741633278712478
"mmu-miR-139-3p",251.822271987045,-0.0865403948618478,0.154657088947717,-0.560216458060519,0.575331802427394,0.846004611583113
"mmu-miR-139-5p",202.893178140915,-0.062058105214636,0.163592156884893,-0.376660372959139,0.706426015285873,0.899043640328935
"mmu-miR-140-3p",1107.72807781617,-0.230268718026681,0.0881090093438221,-2.61360143752897,0.00895934836469174,0.101853644567022
"mmu-miR-140-5p",1011.57302415068,-0.0774928024397917,0.140314537298889,-0.55237108662202,0.58069413589122,0.846004611583113
"mmu-miR-141-3p",6864.39890821682,0.0143635929541202,0.0832411576158185,0.170557129705029,0.864572009433614,0.949661535594387
"mmu-miR-141-5p",1509.09805905844,-0.0554703883109409,0.0994191624807719,-0.557790652827015,0.576987346195426,0.846004611583113
"mmu-miR-142a-3p",1295.56166860682,0.202379462260489,0.303453178506995,0.696634988076791,0.48603125385797,0.829903168642858
"mmu-miR-142a-5p",2.29421547202827,-0.101936850575145,0.427763067203191,-0.179527402750597,0.857523602564101,0.949661535594387
"mmu-miR-143-3p",88.9643182758385,-0.0783100397529421,0.303006848224593,-0.16367639010504,0.869985904830799,0.949661535594387
"mmu-miR-143-5p",124.879104621408,0.105195494920546,0.288346677135525,0.534636146970319,0.592901483189303,0.85466294522169
"mmu-miR-144-3p",0.762722129134101,-0.0348974802310752,0.400279533940442,-0.0797209288557105,0.936459213610062,NA
"mmu-miR-144-5p",2.85150095224571,0.359865607942145,0.425886547622554,0.821983097589533,0.411086516766417,0.78928611219152
"mmu-miR-145a-3p",1.58727631381439,-0.486617469348001,0.420802697879767,-1.18606395141391,0.23559704522592,0.654336255311853
"mmu-miR-145a-5p",51.7980878425761,-0.188394419436733,0.34586232460812,-0.358716014145976,0.719807547107325,0.899043640328935
"mmu-miR-146a-5p",1445.82124266233,-0.712234142519914,0.13101375523952,-5.43497848154343,5.48030457111601e-08,1.18374578736106e-05
"mmu-miR-146b-3p",0.847283754479298,-0.624165390270467,0.337151513228747,-1.79837380631033,0.0721177907893258,NA
"mmu-miR-146b-5p",3115.43964831112,-0.537449287956026,0.142211173670874,-3.77886423666343,0.00015754528382902,0.00486139732958118
"mmu-miR-147-3p",294.09588031326,0.12334914987033,0.214422996903918,0.570638096959197,0.568244988432249,0.846004611583113
"mmu-miR-147-5p",8.08179159683526,-0.534667610286945,0.368255436330619,-1.42784457759565,0.153336598801366,0.53420492485637
"mmu-miR-148a-3p",472.236161149315,-0.383817858525951,0.125002531216029,-3.07046812728649,0.00213723496118331,0.0371057202865765
"mmu-miR-148a-5p",60.8457412824974,-0.859998054837376,0.17545950056822,-4.90183326773825,9.4946406751038e-07,6.83614128607473e-05
"mmu-miR-148b-3p",60.0641475264236,0.0728491765432157,0.20071819495149,0.361983305519788,0.717364505954708,0.899043640328935
"mmu-miR-148b-5p",19.0743294545764,0.286141964851415,0.251505481512962,1.13520481035235,0.256289514486559,0.671012547019354
"mmu-miR-149-5p",24.4399751555757,-1.27094122328912,0.385507292255335,-3.32965632679358,0.000869532372671547,0.0187818992497054
"mmu-miR-150-5p",13.2546969837232,-0.392611317207126,0.351137777535722,-1.11174232618295,0.266248955617602,0.688739813334156
"mmu-miR-151-3p",254.920815215196,-0.0107072285128493,0.162226134852044,-0.0669398394469507,0.946629596856976,0.976468196248435
"mmu-miR-151-5p",37.7752886412346,0.690765428059293,0.251840365629618,2.73217330597686,0.00629180353371524,0.0799429154872054
"mmu-miR-152-3p",105.835173653563,-0.353506615503225,0.189802309765336,-1.86739430187312,0.0618465449530374,0.364005421345355
"mmu-miR-152-5p",4.7893420703605,-0.421757292308917,0.39984707039862,-1.07048205697666,0.284402381246845,0.710183980916977
"mmu-miR-153-3p",1732.48212917161,-0.349252090554177,0.119047524245918,-2.93359299594765,0.00335063261818619,0.0487242293687528
"mmu-miR-154-3p",9.43671552722761,-0.326983005318959,0.413763381161066,-0.708681236659712,0.478522311194558,0.829903168642858
"mmu-miR-154-5p",3.426149514812,-0.321890043281823,0.421074613004842,-0.792799996812126,0.427894358374516,0.79525159270134
"mmu-miR-155-5p",176.304768435516,0.675567540501327,0.305017273900256,2.24532630517154,0.0247471925280795,0.227463556853837
"mmu-miR-15a-3p",1.25291150782224,0.036582644482377,0.410797964263123,0.154887421719648,0.876910069989945,0.951821985516724
"mmu-miR-15a-5p",2254.92170030683,-0.0248231916840616,0.0752199349194166,-0.330169429220261,0.741271944750092,0.899043640328935
"mmu-miR-15b-3p",91.793110146808,-0.0118958906606232,0.185130916277462,-0.0781840201136981,0.937681673206205,0.976468196248435
"mmu-miR-15b-5p",351.959359533271,-0.0130825769006347,0.115931157322143,-0.114436753876926,0.908891579975856,0.964720301104594
"mmu-miR-16-1-3p",288.3214133524,-0.0572402361020627,0.110999013405291,-0.515377089097303,0.606289539199898,0.861082493748824
"mmu-miR-16-2-3p",184.185078509746,-0.219705405914916,0.163931638621488,-1.33989560725208,0.180279286440571,0.577956441911711
"mmu-miR-16-5p",2417.43554077572,-0.0853659215078818,0.0671603073246951,-1.27131700902406,0.203615893672579,0.617885135282842
"mmu-miR-17-3p",90.7207783670319,0.525045126485663,0.180062405264927,2.92301819337558,0.00346656260518847,0.0487242293687528
"mmu-miR-17-5p",4564.38389231681,0.0360099499380677,0.0927722673254879,0.388232103321409,0.697844277711501,0.893102332095125
"mmu-miR-181a-1-3p",3.38081107259365,-0.145708014926077,0.399645355031755,-0.360613579970187,0.718388336150081,0.899043640328935
"mmu-miR-181a-2-3p",21.2253098460391,0.0112097118248736,0.277972689092224,0.0362501330788086,0.971082911818058,0.980684435405265
"mmu-miR-181a-5p",5434.67049995248,0.300770996854467,0.208136561831777,1.43725031242632,0.150646881686326,0.53420492485637
"mmu-miR-181b-5p",3184.2285068479,7.12288303770483e-05,0.101333927712784,0.000108772434827696,0.999913212153781,0.999913212153781
"mmu-miR-181c-3p",262.037704122257,-0.117611335770878,0.211581378007598,-0.551130129814332,0.581544472444408,0.846004611583113
"mmu-miR-181c-5p",1983.41629814165,-0.284972805364967,0.153548708878888,-1.8590024721593,0.0630267879703263,0.364005421345355
"mmu-miR-181d-5p",2324.03633192405,-0.522590002114851,0.171716880147859,-3.04599621856482,0.00231910751791103,0.0371057202865765
"mmu-miR-182-3p",13.9884623241212,0.160353503847972,0.264253215437032,0.5990896008068,0.549113135976998,0.846004611583113
"mmu-miR-182-5p",687.332308525085,0.415281518035122,0.337448491533048,1.26112008338278,0.207265585834597,0.617885135282842
"mmu-miR-183-3p",310.346493940766,0.220661673693316,0.227312677582313,0.970892433517671,0.331601846448751,0.739992826852194
"mmu-miR-183-5p",1066.22661206807,0.0244677323260315,0.127119915463797,0.19158686496582,0.848065832153461,0.941810898432636
"mmu-miR-1839-3p",3.4292438380609,-0.23635267823761,0.426667750133959,-0.551008029222598,0.58162817046339,0.846004611583113
"mmu-miR-1839-5p",4.58855341031888,-0.114150040310494,0.380141919594714,-0.29009006867405,0.77174733334186,0.911561549441238
"mmu-miR-1843a-5p",46.8018191918908,-0.309207941589841,0.245436833341343,-1.2726900118057,0.203128063341898,0.617885135282842
"mmu-miR-1843b-5p",8.18086837412882,-0.50609216914623,0.318768152478247,-1.59337782052328,0.111075458271053,0.451380216394472
"mmu-miR-185-3p",2.35645796274481,0.133310197799657,0.419384315713207,0.343494742395154,0.731226295464742,0.899043640328935
"mmu-miR-185-5p",555.658628728673,0.173140542650769,0.120183479823974,1.44095406661498,0.149597659982982,0.53420492485637
"mmu-miR-186-3p",2.75170163693909,0.0190260310437957,0.410563428723423,0.0444463691889318,0.964548600877932,0.980435283715921
"mmu-miR-186-5p",735.160290403924,-0.0182795204560763,0.132704632299749,-0.137382643905377,0.890728349121016,0.958209806319305
"mmu-miR-187-3p",32.9496317495063,0.0160456790341914,0.271133077006896,0.0578541991249399,0.953864765779721,0.976468196248435
"mmu-miR-188-5p",112.822613821507,0.203961880867765,0.150607421618821,1.35173971385526,0.176458595762393,0.577500858858741
"mmu-miR-18a-3p",309.329161514165,0.357526922564593,0.163214472927087,2.19109311809234,0.0284450546432492,0.242701155460522
"mmu-miR-18a-5p",1322.89090596518,0.392184159759644,0.114723007205632,3.41939624503302,0.000627602616892023,0.0142697016051239
"mmu-miR-18b-5p",1.04545160395214,-0.39160383384063,0.390514537123619,-0.874435390167662,0.381881191441229,NA
"mmu-miR-190a-5p",433.965776237332,0.631156737709444,0.216362372576043,2.92034733253305,0.00349641460747995,0.0487242293687528
"mmu-miR-190b-5p",9.74979100307039,-0.204663720666907,0.30225698877099,-0.67933883478915,0.496923195432662,0.832057443515155
"mmu-miR-191-3p",1.08829347377809,-0.184834119944334,0.410895550081296,-0.456432723171131,0.64807883909251,NA
"mmu-miR-191-5p",5411.35584982667,-0.0646462880470907,0.0874760167545521,-0.739186149817587,0.459793969856149,0.817411501966487
"mmu-miR-192-3p",28.465753814629,0.469697038356002,0.297493989418159,1.62458317150716,0.104251405285847,0.451380216394472
"mmu-miR-192-5p",4490.54105157982,0.0499168046186216,0.094587183799155,0.527759872892301,0.597666011382256,0.857779790422374
"mmu-miR-1927",3.35179283083215,0.401706079712175,0.411404596643069,0.986800373182949,0.323740511759267,0.739992826852194
"mmu-miR-1933-3p",0.729266365701896,0.0714499156755995,0.392614492916774,0.260988678479804,0.794101238037962,NA
"mmu-miR-1934-3p",1.69764628999092,-0.351118706495664,0.428181479281077,-0.829210812141406,0.406985127883231,0.78928611219152
"mmu-miR-1934-5p",0.540537560482254,0.0031877688705614,0.376074564075029,0.0425076682440054,0.96609399890247,NA
"mmu-miR-1936",12.871573296561,0.307994998934545,0.336442651476347,0.923454514087501,0.355770394012583,0.741633278712478
"mmu-miR-193a-3p",70.9211290690197,1.19433154609122,0.289018958318208,4.12599899258822,3.69128882021059e-05,0.00177181863370108
"mmu-miR-193a-5p",10.0762368831702,0.55320793024622,0.341288544976191,1.61832250507768,0.105593113102296,0.451380216394472
"mmu-miR-193b-3p",257.811318183113,0.356953923972295,0.262110624857285,1.36753568693754,0.17145745934123,0.565416965155811
"mmu-miR-194-1-3p",6.85389322799515,0.0316533838617222,0.372251906060781,0.0954847947233737,0.923929767127756,0.975886697797532
"mmu-miR-194-2-3p",253.476284941328,0.324103169801799,0.234440178625368,1.39053808489986,0.164365542730829,0.559101688659199
"mmu-miR-194-5p",13087.2736895278,0.0691199175353825,0.0934114919237258,0.740048129032109,0.459270791184479,0.817411501966487
"mmu-miR-1945",8.94882126102447,0.334416057452114,0.332048715470071,0.996659562795978,0.318929783914167,0.739992826852194
"mmu-miR-1947-5p",25.8646439332653,0.537338194733486,0.229244747226131,2.33959856891456,0.019304476780048,0.189534862931381
"mmu-miR-1948-5p",0.370582841742829,-0.245549177069697,0.263845332522172,-0.839109940300722,0.401407618513118,NA
"mmu-miR-1954",0.197642820709904,-0.0444593619312665,0.233888676394769,-0.188772902800884,0.850270810411487,NA
"mmu-miR-1955-3p",4.87433763266898,0.207125425634723,0.372451463727557,0.560398335665126,0.575207766604821,0.846004611583113
"mmu-miR-1955-5p",1.21080930292521,-0.0997349875176558,0.423459627365373,-0.228232534089991,0.819465470257558,0.927445184369719
"mmu-miR-1958",0.312288273664482,0.084108286432003,0.252492527506032,0.322473445187711,0.747094051848992,NA
"mmu-miR-195a-5p",25.369163222839,-0.123678392483141,0.316165369144645,-0.343519940122495,0.731207342434876,0.899043640328935
"mmu-miR-1964-3p",1.37472753693103,0.193967517044526,0.426398988858796,0.442522991126997,0.658110796964892,0.88818843679906
"mmu-miR-1968-5p",38.8968577758178,0.205962821711956,0.237794316170114,0.863604275299641,0.387805314766972,0.768494935685008
"mmu-miR-196a-1-3p",18.9546272052635,0.598663124234618,0.237986985217929,2.51102602956422,0.0120380820240849,0.126840278887919
"mmu-miR-196a-5p",4913.30997862563,0.0600935480736288,0.0931800046619294,0.645082039464901,0.518874022314358,0.846004611583113
"mmu-miR-196b-5p",12198.969513403,0.0630072815877837,0.11415628367089,0.551837838620911,0.581059460237571,0.846004611583113
"mmu-miR-1981-3p",2.65214478620886,0.209040803765392,0.416281161759453,0.474360754284657,0.635242674247323,0.871939560981439
"mmu-miR-1981-5p",73.183694906564,0.485556794656843,0.182483199844995,2.6600920485242,0.00781192986049566,0.093743158325948
"mmu-miR-1983",25.6794792857113,0.0245548541870777,0.213697972898528,0.115958399168261,0.90768551196639,0.964720301104594
"mmu-miR-199a-5p",8.0753396582878,-0.206060765603059,0.36153772224807,-0.568265172158273,0.56985492405812,0.846004611583113
"mmu-miR-199b-5p",2.10586210481408,-0.262463818441015,0.427800868373971,-0.617091408464189,0.537174435252966,0.846004611583113
"mmu-miR-19a-3p",6968.70576155435,0.082093611078091,0.131336660392821,0.62144277983659,0.534308332023358,0.846004611583113
"mmu-miR-19a-5p",1.21161219108706,0.155048125503614,0.399089261750682,0.42145851844442,0.673420295663411,0.891495733199339
"mmu-miR-19b-1-5p",11.091214071344,0.395777348584939,0.302077989136861,1.30955966529081,0.190344840937086,0.595862110759572
"mmu-miR-19b-3p",11479.7419267211,0.0166820798829371,0.130942328544922,0.123018526188121,0.902092427619135,0.962231922793744
"mmu-miR-1a-1-5p",0.135758503799232,-0.0727369588815999,0.219778198750314,-0.332968046048299,0.739158403732752,NA
"mmu-miR-1a-3p",6.39302799728591,-0.713299191689313,0.407060345304569,-1.72430164232753,0.0846534029767147,0.423450272753439
"mmu-miR-1b-3p",1.2113124594271,0.238863390256848,0.427954423878683,0.55501759669698,0.578882624440958,0.846004611583113
"mmu-miR-200a-3p",7254.74751389222,0.0880145794453994,0.0733338742944281,1.19933035567523,0.230399516124414,0.64997539383677
"mmu-miR-200a-5p",1998.96450628632,-0.0441152535901064,0.0772241601765975,-0.571370347931094,0.567748624677595,0.846004611583113
"mmu-miR-200b-3p",10176.6879717835,0.122659985717269,0.110660261445162,1.10381618884258,0.269672880853645,0.68934132857263
"mmu-miR-200b-5p",852.184107392477,-0.0986178861507692,0.0880581880617588,-1.11988471696464,0.262762891772985,0.683816682204395
"mmu-miR-200c-3p",14550.2577110951,-0.0726934159043164,0.0931978310399878,-0.781637989323346,0.434427354252747,0.799128065600217
"mmu-miR-200c-5p",6.53722077769063,0.430714377143339,0.332069518275839,1.29019983680598,0.196981282805343,0.612200821380633
"mmu-miR-203-3p",3601.34483849173,0.0557430686889787,0.0694910402986512,0.801915082777641,0.42260208076806,0.79525159270134
"mmu-miR-203-5p",5.06885523504441,-0.168313174439334,0.375899403693516,-0.42992153445226,0.667252720127526,0.889670293503368
"mmu-miR-204-5p",0.513419385639134,0.434751516924558,0.317351788438099,1.20338170949847,0.228828642529359,NA
"mmu-miR-205-5p",3404.76418186063,0.257588673850179,0.235350692704159,1.092215266248,0.27473849387099,0.6940761950425
"mmu-miR-206-3p",1.89190375985926,-0.996642818490604,0.412954027748376,-2.6376095672425,0.00834926485494129,0.0974833085766118
"mmu-miR-20a-3p",10.5235451352524,0.377339632029943,0.390024565269333,0.975047946220134,0.329536477395788,0.739992826852194
"mmu-miR-20a-5p",6254.28458976848,0.0692901615406108,0.0949042348691993,0.730350523127707,0.465175953064982,0.823590211983902
"mmu-miR-20b-5p",5.74578749585685,-1.10412223425122,0.394189794477001,-2.80134823161575,0.00508895717929967,0.0687009219205456
"mmu-miR-210-3p",4346.34571403074,0.081120619673051,0.120475166553686,0.673203841456906,0.500817617640382,0.835340582319093
"mmu-miR-210-5p",122.322302573901,0.289614679106878,0.190369001022904,1.51493472598615,0.129788935152605,0.500614464160047
"mmu-miR-211-5p",0.305959470097704,-0.0727369588816,0.219778198750314,-0.311460232553268,0.755450770242999,NA
"mmu-miR-212-3p",7.18734173917069,-0.654207100102876,0.408643819952313,-1.59362828553581,0.11101931527699,0.451380216394472
"mmu-miR-212-5p",5.32190191550941,-1.05321125723139,0.417434115002858,-2.53647430896481,0.0111974958476182,0.123570261925306
"mmu-miR-214-3p",14.5032830864812,0.142904000668651,0.350296206999342,0.40547147735341,0.685130980143937,0.891495733199339
"mmu-miR-214-5p",1.94593067883792,0.513788249311186,0.428943935862159,1.17669459310081,0.23931742671128,0.654336255311853
"mmu-miR-215-3p",13.9163463335893,-0.102521853901534,0.399610440763881,-0.221894876036893,0.82439571943975,0.927445184369719
"mmu-miR-215-5p",3439.11970280028,0.090302946117741,0.193554623910099,0.470028818529777,0.638334428287208,0.872659724747069
"mmu-miR-216a-5p",14.3429497133411,-0.25074164078403,0.233886401430825,-1.14870881683574,NA,NA
"mmu-miR-216b-5p",0.570973936563789,-0.195249952411167,0.222456800992612,-0.724499543173505,0.468759107526881,NA
"mmu-miR-217-5p",12.8444961642333,-0.253109726341144,0.233803492297451,-7.37810520679268,NA,NA
"mmu-miR-218-1-3p",1.57751278996216,0.320620513362076,0.428703822880876,0.681333078925705,0.495660756954415,0.832057443515155
"mmu-miR-218-5p",237.582931204952,0.932241669104013,0.174894452320151,5.3295043155968,9.8481180482672e-08,1.41812899895048e-05
"mmu-miR-219a-1-3p",0.968342292163796,0.0536979176268142,0.38398088168656,0.0486585302731193,0.961191424751467,NA
"mmu-miR-219a-5p",44.6570778713495,-0.290763360239816,0.292482344807742,-0.988467595319528,0.322923697004945,0.739992826852194
"mmu-miR-21a-3p",78.8410057120284,0.352964440645287,0.180935882561556,1.95197213068607,0.0509415134934845,0.35494731982557
"mmu-miR-21a-5p",21315.3220986252,-0.0344606704773317,0.105483092522278,-0.329540138557128,0.741747460401409,0.899043640328935
"mmu-miR-21b",1.53733185779426,0.363548057050666,0.428843858775696,0.817522266958202,0.413630029608502,0.790655631818022
"mmu-miR-22-3p",3248.71171803377,0.0952599010573129,0.0825567238590132,1.15334058734156,0.248770617133271,0.661385700018348
"mmu-miR-22-5p",22.5609773864626,0.173721335764947,0.244790635465202,0.709240261911045,0.478175392440861,0.829903168642858
"mmu-miR-221-3p",3426.60929526826,-0.0415282857629841,0.101428077495745,-0.409800959986351,0.681951961955651,0.891495733199339
"mmu-miR-221-5p",0.756547076904492,0.308777734173247,0.394450405930881,0.806491493785114,0.419959510730329,NA
"mmu-miR-222-3p",837.652700591557,-0.14680345825397,0.168937911301312,-0.867570651976358,0.385629418499965,0.767704648810991
"mmu-miR-223-3p",14.8452761514045,-0.344618817540962,0.377597311391586,-0.931539321543359,0.351574654208156,0.741633278712478
"mmu-miR-224-3p",0.67068434681569,-0.0660591313714699,0.383190246150352,-0.198822339503126,0.842401720450141,NA
"mmu-miR-224-5p",136.356304022311,-0.203869604436605,0.210242044942096,-0.974916815472082,0.329601524274963,0.739992826852194
"mmu-miR-23a-3p",2324.72384633252,0.510660370327942,0.12159000871659,4.19796289700726,2.69326743255965e-05,0.00145436441358221
"mmu-miR-23a-5p",1.80918086751266,0.044339087055481,0.428215238475542,0.0885511560700101,0.929438627324345,0.976468196248435
"mmu-miR-23b-3p",3013.75323307157,0.29429606496417,0.242986086769856,1.22030403370856,0.222349641251491,0.63962531686545
"mmu-miR-23b-5p",2.00989011880828,0.114342906328045,0.429181603175704,0.149899609184715,0.880843820059024,0.952733856091935
"mmu-miR-24-1-5p",18.645892983091,0.298943482456222,0.345216336443508,0.90763372873369,0.364071768028517,0.741633278712478
"mmu-miR-24-2-5p",137.839662542995,0.159146797644202,0.239580305620959,0.660967780096881,0.508632976534679,0.845113253319159
"mmu-miR-24-3p",7729.65145403062,-0.017389185107839,0.105073694813577,-0.166621780316414,0.867667655056098,0.949661535594387
"mmu-miR-25-3p",3407.07664568976,-0.258405464588066,0.11819838506978,-2.18823869649006,0.0286522197418672,0.242701155460522
"mmu-miR-26a-2-3p",0.189115205837571,-0.00491193424998413,0.219778198750314,-0.0223520287196261,0.982167146315831,NA
"mmu-miR-26a-5p",12798.0807708733,0.133401949161819,0.153607360697625,0.867740443789458,0.385536439967767,0.767704648810991
"mmu-miR-26b-3p",15.4566685335316,0.146310961869979,0.249721216639191,0.582316597625512,0.56035344772921,0.846004611583113
"mmu-miR-26b-5p",1707.06892984837,0.0791841206217903,0.163121571212205,0.487131065429624,0.626165452753451,0.868581978780034
"mmu-miR-27a-3p",14034.2106174876,0.148449900826013,0.123840913118904,1.1959804422727,0.231704191321441,0.64997539383677
"mmu-miR-27b-3p",8016.32946327111,-0.105082411966818,0.113432295555816,-0.92939993317954,0.352681862433616,0.741633278712478
"mmu-miR-27b-5p",22.6549798151326,-0.144447106138224,0.258350082283564,-0.563139834635531,0.573339668194111,0.846004611583113
"mmu-miR-28a-3p",260.621146075306,0.00416918720200914,0.263407944759482,-0.0145338361781725,0.988404084744459,0.993001313045596
"mmu-miR-28a-5p",99.2349037908928,0.0714102741827483,0.126661822375928,0.563542870276667,0.573065276424678,0.846004611583113
"mmu-miR-296-3p",0.758974572323549,-0.5800724970033,0.39651596919303,-1.31126523267145,0.189768170204229,NA
"mmu-miR-296-5p",2.6384528827172,-0.429110320265505,0.426922878624562,-0.960090328661863,0.337009755511591,0.739992826852194
"mmu-miR-297a-5p",1.92431674557235,-0.300536474443284,0.428222503534184,-0.70309056602034,0.481999310983523,0.829903168642858
"mmu-miR-297b-5p",0.18886355824577,-0.00491193424998411,0.219778198750314,-0.022352028719626,0.982167146315831,NA
"mmu-miR-297c-5p",0.349618110597658,0.0753661769740767,0.335290155267386,0.224717757691486,0.822198849257874,NA
"mmu-miR-298-5p",4.92243139712466,-0.511962162353572,0.424528127021245,-1.0555550772648,0.291171533863972,0.714693764938841
"mmu-miR-299a-3p",127.263273619952,-0.504906354026625,0.268820674577205,-1.8779700764865,0.0603852587465868,0.364005421345355
"mmu-miR-299a-5p",25.9848820631694,-0.338626926769177,0.326985656966807,-1.00508885483683,0.314854066233422,0.739992826852194
"mmu-miR-29a-3p",883.983654608766,-0.254674246607223,0.0931595873525802,-2.73364942996923,0.00626366944481111,0.0799429154872054
"mmu-miR-29a-5p",5.73590069427162,-0.0606169141932839,0.350970764695884,-0.167820436162997,0.86672454477794,0.949661535594387
"mmu-miR-29b-1-5p",3.49459837016838,0.131986402086334,0.397132033090678,0.33478232853532,0.737789291847418,0.899043640328935
"mmu-miR-29b-2-5p",17.3092168237274,0.556292765443993,0.305127800327922,1.80680660847485,0.0707924379671965,0.396045155742735
"mmu-miR-29b-3p",324.36638413296,0.0547930938826734,0.155317084541638,0.352107750023009,0.724757456442508,0.899043640328935
"mmu-miR-29c-3p",197.872986676942,-0.205865879280571,0.138122628873614,-1.49063535287053,0.136057257305863,0.515585396106428
"mmu-miR-29c-5p",4.14849814181072,-0.309599978646923,0.395766769463334,-0.778014097309056,0.436560702503822,0.799128065600217
"mmu-miR-300-3p",10.612764096482,-0.171186882543113,0.333329227414363,-0.510168479204878,0.609933433072083,0.861082493748824
"mmu-miR-301a-3p",246.054701182282,0.44692954469579,0.200221932307365,2.23486268936118,0.0254263646961117,0.228837282265006
"mmu-miR-301b-3p",38.4816954647361,0.693299417780649,0.261439039548323,2.66399226459358,0.00772193383426023,0.093743158325948
"mmu-miR-3057-5p",1.26742148949368,0.0492028051854442,0.427190426981591,0.125008238395135,0.900517028208584,0.962231922793744
"mmu-miR-3058-3p",14.4167043065196,0.260208013087458,0.290471501392541,0.893050927719264,0.371829900441861,0.750609892480767
"mmu-miR-3058-5p",86.1373777113924,-0.0655031691124556,0.16925528498893,-0.391028994685494,0.695775804074515,0.893102332095125
"mmu-miR-3060-3p",0.581493221899281,0.0883317587310542,0.366873023840014,0.245451063133064,0.806107195267586,NA
"mmu-miR-3061-3p",2.04623489686561,0.18269771771553,0.428271732197553,0.437113076874525,0.662029344095596,0.88818843679906
"mmu-miR-3062-5p",0.32983178448909,-0.201255899467511,0.307124375109218,-0.542457793683673,0.58750317542484,NA
"mmu-miR-3064-5p",0.595503593764991,0.418887457229923,0.349808279575968,1.19583771692113,0.231759894184637,NA
"mmu-miR-3065-5p",0.185799066757728,0.0322896026756887,0.230906468926338,0.134172793824805,0.893265938745358,NA
"mmu-miR-3066-3p",2.81980693065976,-0.175903815728967,0.418553265921292,-0.4074032074117,0.68371187163257,0.891495733199339
"mmu-miR-3068-5p",16.6204076590205,0.307844766809072,0.322008132962484,0.95608336771523,0.339030117047227,0.739992826852194
"mmu-miR-3069-5p",0.810874293507882,-0.353097308788214,0.355098338571839,-0.977379496554623,0.328381309788806,NA
"mmu-miR-3072-3p",3.78508311783689,-0.796489114273145,0.427131903938949,-1.8578143285402,0.0631953856502352,0.364005421345355
"mmu-miR-3073a-3p",3.80978203457401,0.222467727098605,0.415508538744,0.571060833664321,0.567958406742639,0.846004611583113
"mmu-miR-3076-5p",2.70280341457753,-0.25744018344471,0.428288045359374,-0.576159142178085,0.564507619013385,0.846004611583113
"mmu-miR-3077-3p",0.391716101399762,-0.164880937044723,0.345893604818722,-0.385229666779264,0.700067265360452,NA
"mmu-miR-3079-5p",7.6186660172094,1.11533947052117,0.360825217671182,3.05310984412112,0.00226483018933794,0.0371057202865765
"mmu-miR-3081-3p",299.589547908398,0.0110243731629974,0.260220527255045,0.0355965942886628,0.971604023966327,0.980684435405265
"mmu-miR-3084-5p",0.542338696035819,-0.0112344306864405,0.343976406540093,-0.0857405233302523,0.93167268776303,NA
"mmu-miR-3086-5p",0.417935508069836,0.239222672883859,0.26256939748419,0.828556280446096,0.407355535729597,NA
"mmu-miR-3089-3p",0.513368319009971,-0.349658955706708,0.383785749262488,-0.879154913664884,0.379317286653582,NA
"mmu-miR-3095-3p",0.319089907967182,-0.194708359840984,0.254860225735235,-0.717971857775462,0.47277463916431,NA
"mmu-miR-3098-3p",0.793550427900287,0.477344694094209,0.383604684672331,1.27896640438612,0.200908886677984,NA
"mmu-miR-3098-5p",0.451261006682425,-0.00975198833222106,0.340429443927085,-0.0283501961851557,0.977382845903245,NA
"mmu-miR-30a-3p",28.4006594362626,0.109861161818489,0.230987442131756,0.473594268767587,0.635789263215632,0.871939560981439
"mmu-miR-30a-5p",9766.98789553337,-0.113452350990742,0.116240856173815,-0.978034817502441,0.328057104112952,0.739992826852194
"mmu-miR-30b-3p",0.851977435679913,-0.384945097489272,0.39362302042741,-0.900149109211042,0.36804090449463,NA
"mmu-miR-30b-5p",2346.66949367277,-0.0361766546435946,0.153447012932564,-0.233720683751559,0.815201829116616,0.927445184369719
"mmu-miR-30c-1-3p",1.80144996049121,-0.93540323309671,0.429078250012473,-2.13373425107337,0.0328645406608242,0.26813559824441
"mmu-miR-30c-2-3p",1.68945528280134,0.274124242165347,0.426739756251329,0.635141708220847,0.525335997039976,0.846004611583113
"mmu-miR-30c-5p",1226.53199984311,0.166336491756367,0.387375197947405,0.510225934285585,0.609893185024728,0.861082493748824
"mmu-miR-30d-3p",226.356209713428,-0.247730589668862,0.156336101238218,-1.58616674953629,0.112701488301158,0.451380216394472
"mmu-miR-30d-5p",8661.70640557112,-0.096352645110703,0.122585556594623,-0.791040395529021,0.428920419211602,0.79525159270134
"mmu-miR-30e-3p",27.9432210968189,0.309439834268954,0.298556216420304,1.06258574324154,0.287969855164649,0.710874156749306
"mmu-miR-30e-5p",11924.8310264135,-0.114245412039423,0.0975752995517956,-1.17266036366173,0.240932032172029,0.654607785524003
"mmu-miR-30f",22.3190319657542,-0.279434111429035,0.25937576871423,-1.0859183539772,0.277515115906735,0.697014709719243
"mmu-miR-31-3p",20.2190468069256,-0.789437846860014,0.406246751244559,-2.02370994876165,0.0430000043418274,0.314847489418126
"mmu-miR-31-5p",3894.56984464182,-0.563794473470821,0.336517473650294,-1.69391627855578,0.0902811931864091,0.43387990647213
"mmu-miR-3100-3p",1.38766297961753,-0.662500531963741,0.422782452435962,-1.58250410650682,0.113534535600252,0.451380216394472
"mmu-miR-3101-5p",0.251823304063712,0.115572519141884,0.293585291615972,0.329534121612124,0.741752007507212,NA
"mmu-miR-3102-3p.2-3p",0.250275010108865,0.0968256026974395,0.219778198750314,0.418829083503805,0.675341048045608,NA
"mmu-miR-3105-3p",2.00857593618525,-0.399954376085781,0.428435336231552,-0.941857479587651,0.346265612144046,0.741633278712478
"mmu-miR-3105-5p",1.92923892413867,-0.169540246588921,0.42883379197181,-0.400680501443296,0.688655368303581,0.893102332095125
"mmu-miR-3108-5p",0.567149285397864,0.064893193332392,0.381930483683587,0.216802793831529,0.828362034581692,NA
"mmu-miR-3110-5p",5.67216926723154,0.456298126522375,0.39015165385588,1.2708847999967,0.203769634651038,0.617885135282842
"mmu-miR-3112-5p",3.67107896534844,0.570354053372534,0.398786044832974,1.41233988267858,0.157849908469552,0.545296176370003
"mmu-miR-32-3p",2.25278537421293,0.411052111291758,0.425443958044056,0.958664583467756,0.337727745760651,0.739992826852194
"mmu-miR-32-5p",109.343917531167,-0.0219122871499046,0.128831573129488,-0.16999728034866,0.865012275487658,0.949661535594387
"mmu-miR-320-3p",116.619422366484,-0.180914512412898,0.197394268716542,-0.915391869665241,0.359985945070935,0.741633278712478
"mmu-miR-322-3p",12.1759589119376,0.224015553995008,0.310021593137067,0.712210102340985,0.476334682108505,0.829903168642858
"mmu-miR-322-5p",208.498992077821,-0.0783317397372714,0.193295819888931,-0.417045448603668,0.676645164962395,0.891495733199339
"mmu-miR-323-3p",0.503869383017873,-0.127277569311003,0.310113471752435,-0.424000000843058,0.671565812674306,NA
"mmu-miR-324-3p",885.869894863613,0.05726326218566,0.133380144606933,0.433812412721975,0.664424667093077,0.888642279208078
"mmu-miR-324-5p",24.7981866934882,0.115712580420736,0.236495415957576,0.490816268001035,0.623556402964694,0.868581978780034
"mmu-miR-325-5p",0.2289413205287,-0.0049119342499841,0.219778198750314,-0.0223512793520626,0.982167744075302,NA
"mmu-miR-326-3p",2.34289124041814,0.685689144853695,0.424164783611244,1.62155346441978,0.104898993558723,0.451380216394472
"mmu-miR-328-3p",321.039365576399,-0.226009002528292,0.168678731910685,-1.33887494302928,0.18061138809741,0.577956441911711
"mmu-miR-329-3p",0.426308140138031,-0.120781638161105,0.3113220565659,-0.314962558511744,0.752790082060411,NA
"mmu-miR-329-5p",1.13054670530135,-0.0477284546539806,0.420490054895657,-0.0584638460283826,0.953379159904422,NA
"mmu-miR-33-3p",24.5644985054034,0.348266976691965,0.219106098744979,1.59533290552673,0.110637810972022,0.451380216394472
"mmu-miR-33-5p",503.010473805234,0.576751509734948,0.116768395606671,4.93970193725762,7.82420777997308e-07,6.76011552189674e-05
"mmu-miR-330-3p",72.3899868770191,0.435584353472271,0.203766123692472,2.133347070977,0.0328962655253559,0.26813559824441
"mmu-miR-330-5p",20.5600461136273,0.978314046645245,0.311380687130892,3.14213965768606,0.00167718016254764,0.0315018187052427
"mmu-miR-331-3p",22.0579021875631,0.0845350463417714,0.300259803258719,0.276996569948727,0.78178273992464,0.911561549441238
"mmu-miR-331-5p",8.15778675918447,-0.569057321988575,0.335692133545818,-1.69108313922959,0.0908209249688614,0.43387990647213
"mmu-miR-335-3p",4.30421224174361,0.252149253023247,0.398653868159533,0.633677549623785,0.526291279269701,0.846004611583113
"mmu-miR-335-5p",0.164984990209629,-0.00491193424998412,0.219778198750314,-0.0223520287196261,0.982167146315831,NA
"mmu-miR-337-3p",1.19467315524884,-0.152477499573307,0.4150596118729,-0.494604681933579,0.620879196645803,0.868025284631025
"mmu-miR-337-5p",12.8798520470466,-0.0538004277551637,0.349883418630335,-0.211613884964317,0.832408276011414,0.934026948667352
"mmu-miR-338-3p",2.20916529070231,-0.618862081751775,0.426926332690935,-1.42920638135705,0.152944924120245,0.53420492485637
"mmu-miR-338-5p",1.54675943358026,0.0938112174041777,0.41861830162804,0.33071745937911,0.740857913058309,0.899043640328935
"mmu-miR-339-3p",4.51670836253857,0.288011124027077,0.384354350674867,0.749684200779408,0.453444925209218,0.81478060558583
"mmu-miR-339-5p",65.4037407112391,-0.209229363623311,0.218052054596769,-0.964419904789718,0.334835446800703,0.739992826852194
"mmu-miR-340-3p",29.9094697423874,0.216779607266211,0.365118852468522,0.614306467082758,0.539012829834836,0.846004611583113
"mmu-miR-340-5p",1091.79976510312,-0.100423923067106,0.115561278204605,-0.870122522462168,0.384233450615179,0.767704648810991
"mmu-miR-342-3p",102.594174914382,-1.18961285851234,0.302103264304523,-3.93517993015204,8.3134389615358e-05,0.00299283802615289
"mmu-miR-342-5p",4.38729621330067,-0.402722427502043,0.413552043736513,-0.956001084529996,0.33907168656091,0.739992826852194
"mmu-miR-344-3p",3.36096598884676,0.0240316699451317,0.399482859009322,0.0641857378150689,0.948822333551823,0.976468196248435
"mmu-miR-344d-3p",1.20402451768425,-0.393200874297364,0.404835123880044,-1.03203407714908,0.302056153983238,0.726904155607089
"mmu-miR-345-3p",57.3898881580172,-0.4591824407531,0.345723880434448,-1.37796184376883,0.168215069071323,0.563396899626088
"mmu-miR-345-5p",804.800726417028,-0.194133709828332,0.0872571821692807,-2.22506827906334,0.026076654828268,0.229900303792077
"mmu-miR-346-5p",0.122748803477357,-0.00491193424998416,0.219778198750314,-0.0223527780871894,0.98216654855637,NA
"mmu-miR-3470b",4.42592107252642,-0.0257749169701718,0.416538743437047,-0.0599097771644458,0.952227492832923,0.976468196248435
"mmu-miR-3473g",0.934145631994266,0.230710250580288,0.41315115448462,0.544755630592345,0.585921598236612,NA
"mmu-miR-34a-3p",7.18354350985491,0.0947630526096358,0.371212955872695,0.246901492375476,0.804984461329494,0.926549369861424
"mmu-miR-34a-5p",6357.62908157148,-0.0975095453461123,0.121067305233749,-0.806260813179936,0.420092480457668,0.79525159270134
"mmu-miR-34b-3p",2.0565069254146,-0.731673600565554,0.429107103553234,-1.68286953438112,0.0924003504523981,0.43387990647213
"mmu-miR-34b-5p",19.0533368152498,-0.600159691444441,0.363922461728194,-1.63787453319506,0.101447869459751,0.451380216394472
"mmu-miR-34c-3p",1.17269193607888,-0.12232461140788,0.413157777697051,-0.302219786768508,0.762484521415135,NA
"mmu-miR-34c-5p",71.7139977348774,-0.397223488185217,0.340064357213616,-1.15144156354491,0.24955062292359,0.661385700018348
"mmu-miR-350-3p",11.20601067211,0.164348100971612,0.397016056409488,0.386981531979564,0.698769880204056,0.893102332095125
"mmu-miR-350-5p",28.1785669852711,-0.0471301031837111,0.358527920739743,-0.0623887725840876,0.95025323572297,0.976468196248435
"mmu-miR-351-5p",70.8565455681988,0.215832463384186,0.295906369494565,0.772004902849142,0.440111523666407,0.802228600100792
"mmu-miR-361-3p",1.17519571876956,-0.713638101975314,0.421390362914888,-1.72348413594834,0.0848010115598335,0.423450272753439
"mmu-miR-361-5p",399.936778247681,-0.234096851981247,0.145509040314173,-1.60891941824497,0.107633962869391,0.451380216394472
"mmu-miR-362-3p",12.4875241851991,0.0520680375135691,0.262043576227774,0.198001380284041,0.843043983800915,0.941072354010323
"mmu-miR-362-5p",1205.68506454032,0.425759483445506,0.258445578558748,1.65885601284385,0.097144810167853,0.446452744601197
"mmu-miR-365-2-5p",2.32542643806367,0.506018743872506,0.423233105473287,1.17994515802847,0.238022027707236,0.654336255311853
"mmu-miR-365-3p",13.7368636429902,1.27022208658203,0.352374759979402,3.62352910754081,0.000290610482319591,0.00836958189080422
"mmu-miR-369-3p",4.13233949139281,-0.38372967873978,0.411094582452422,-0.929083277170831,0.352845930225087,0.741633278712478
"mmu-miR-369-5p",0.553374828760233,0.0849775003962501,0.367126355188475,0.215990133011128,0.828995438761988,NA
"mmu-miR-370-3p",0.442539234811691,-0.116081488413904,0.264556854816253,-0.310309322045636,0.756325742849472,NA
"mmu-miR-374b-5p",3855.33435964234,0.081545576137218,0.146305248896464,0.560064796953836,0.575435241043513,0.846004611583113
"mmu-miR-375-3p",6729.09340186891,-0.299096039694136,0.149734523079596,-1.99780474568138,0.045737832652777,0.329312395099994
"mmu-miR-375-5p",0.978875929839314,0.168040785215036,0.421008540633796,0.398016861018825,0.6906177570553,NA
"mmu-miR-376a-3p",0.852516907312031,-0.435373468797387,0.380394209612058,-1.13191983716802,0.257668137925615,NA
"mmu-miR-376a-5p",0.799359015677372,-0.0344134320529135,0.404523789596929,-0.0850762383340735,0.932200780867217,NA
"mmu-miR-376b-3p",35.0340938084922,-0.431275858443756,0.304921128320776,-1.43198766175742,0.15214735241594,0.53420492485637
"mmu-miR-376b-5p",4.63471327963122,-0.129570487365288,0.403357909309173,-0.283027944479947,0.777155415828925,0.911561549441238
"mmu-miR-376c-3p",0.984247085014195,-0.24846644011886,0.4014761049864,-0.673772507491453,0.500455956098529,NA
"mmu-miR-377-3p",0.540696318642315,-0.0877703563930891,0.34685914288984,-0.238352672968801,0.811607571164373,NA
"mmu-miR-377-5p",1.5851572073344,-0.247101435865977,0.418090383837855,-0.584470152698867,0.558904040589209,0.846004611583113
"mmu-miR-378a-3p",4747.7505427132,0.112402021500624,0.11531446295541,0.975261182125477,0.329430720341288,0.739992826852194
"mmu-miR-378a-5p",43.2725486149352,-0.0789543752164096,0.247184916629643,-0.321306157172738,0.747978390851134,0.900864930115207
"mmu-miR-378d",0.54682524327811,-0.239469149947163,0.367331668957095,-0.577118694733204,0.563859276265784,NA
"mmu-miR-379-3p",5.26357454862824,-0.372713855504718,0.4035514673874,-0.91925088299622,0.357964362142809,0.741633278712478
"mmu-miR-379-5p",43.7272009376756,-0.148913759373244,0.288461489872884,-0.520531399499675,0.602693248785594,0.861082493748824
"mmu-miR-381-3p",34.2245577357957,-0.323920993559749,0.277557091442294,-1.1604575373736,0.245862572498004,0.661385700018348
"mmu-miR-382-3p",1.86215093640553,-0.152237890779649,0.429159396867991,-0.374692657432868,0.707889053621722,0.899043640328935
"mmu-miR-382-5p",12.7666856644448,-0.808457094912167,0.343382157286679,-2.3514074796104,0.0187025401026175,0.187895286612343
"mmu-miR-3968",0.645220647934997,-0.506348405298493,0.36295458994242,-1.22166870181,0.221832936640466,NA
"mmu-miR-409-3p",9.57315685498661,-0.139406895465287,0.396652247823643,-0.340910000583238,0.733171335953493,0.899043640328935
"mmu-miR-409-5p",0.523803972375422,0.178843819050801,0.307654411553668,0.566839085791544,0.570823512740347,NA
"mmu-miR-410-3p",49.5331624340411,-0.368155024030843,0.279418920126235,-1.31743892718515,0.187691539860284,0.59184485561783
"mmu-miR-411-3p",5.94488827065493,-0.369040412675973,0.404525218533211,-0.904620618653189,0.365666408254069,0.741633278712478
"mmu-miR-411-5p",10.8074700676009,0.0507297855133836,0.339652242072539,0.16299410733311,0.870523074294855,0.949661535594387
"mmu-miR-421-3p",69.2841092733423,0.00387867738174531,0.22608047897987,0.0165757078835577,0.986775104197143,0.993001313045596
"mmu-miR-423-3p",461.892952918067,0.194219808549078,0.238765492556865,0.827468436177142,0.40797160516754,0.78928611219152
"mmu-miR-423-5p",211.096356370942,0.169205538883214,0.12293409403318,1.37789219786025,0.168236574193901,0.563396899626088
"mmu-miR-425-3p",76.5434331134562,-0.339170907168067,0.188396995790168,-1.79708030127731,0.072322872485075,0.396045155742735
"mmu-miR-425-5p",4881.29899766864,-0.0245116529557231,0.100556377207273,-0.243765194911136,0.807412677715007,0.926549369861424
"mmu-miR-429-3p",11059.2012811913,-0.00506981949339599,0.0996432520213552,-0.0532244902481497,0.95755304287126,0.977926511868521
"mmu-miR-431-5p",1.93943214279922,0.114915374911027,0.429213945710454,0.265160074193493,0.790886150478139,0.915986104575217
"mmu-miR-433-3p",4.29900332318464,-0.218376324647654,0.422157683124247,-0.599392356719772,0.548911272687683,0.846004611583113
"mmu-miR-434-3p",35.5624108243388,-0.634191684273389,0.330624278036832,-1.92310128059471,0.0544673315619119,0.364005421345355
"mmu-miR-434-5p",2.28856851756415,-0.371541028075641,0.427319481009683,-0.908477747839694,0.363625865152282,0.741633278712478
"mmu-miR-449a-5p",160.947411230486,-1.36186523100507,0.261377033519553,-5.20112155385876,1.9808948845591e-07,2.13936647532383e-05
"mmu-miR-449c-5p",16.8600971949601,-1.21949439274116,0.351654716679362,-3.4355234386831,0.000591410301955148,0.0141938472469235
"mmu-miR-450a-5p",1.46914163863684,-0.115245180425153,0.378551628334874,-0.309195276999131,0.757172986412918,0.903587652293869
"mmu-miR-450b-5p",0.728762582413748,-0.207451212576686,0.39657767450452,-0.519398241296581,0.603483057501523,NA
"mmu-miR-451a",4.25428511557063,-0.605855440933885,0.406262654311362,-1.48000389650487,0.138872206807038,0.521676463831656
"mmu-miR-452-3p",3.59782708702419,0.251368138388459,0.412725365443732,0.622087922533573,0.533884056065,0.846004611583113
"mmu-miR-452-5p",2.05153504934465,0.173687211667757,0.425449676697857,0.36163347793033,0.717625943760362,0.899043640328935
"mmu-miR-466c-5p",0.55073767179707,-0.110602529139372,0.369701101513045,-0.2856534737476,0.775143542956795,NA
"mmu-miR-466d-3p",1.93675928134793,-0.762391271557604,0.427037032617331,-1.7505212317318,0.0800284137866892,0.421613106778655
"mmu-miR-466g",0.605806270249864,-0.451089357180431,0.350979152830807,-1.28228055340283,0.199744247201699,NA
"mmu-miR-466h-5p",1.91431743263149,-0.506837049605002,0.428020238400231,-1.23967636884957,0.215095121098837,0.636445837771902
"mmu-miR-466i-5p",2.58263756013808,-0.497065717547065,0.428993701973439,-1.22859368483685,0.2192241844242,0.63962531686545
"mmu-miR-466k",0.69675902059147,-0.293371086920343,0.390125357126345,-0.743311360182552,0.457293195352017,NA
"mmu-miR-467c-5p",4.28988164609915,-0.730793177444708,0.423472122719814,-1.72285112257353,0.0849154511277035,0.423450272753439
"mmu-miR-467d-5p",33.6012006904331,-0.674010317071993,0.35939794468086,-1.88087055854745,0.0599895290475086,0.364005421345355
"mmu-miR-467e-5p",8.55211115119266,-0.548656913978028,0.418903551160217,-1.15730495248771,0.247147790858809,0.661385700018348
"mmu-miR-483-3p",0.371559443054134,-0.140298702690607,0.260693691743213,-0.47703466099692,0.633337440213483,NA
"mmu-miR-484",1240.13251704464,0.12223741807583,0.100090117621221,1.22126298719722,0.221986462533079,0.63962531686545
"mmu-miR-485-3p",3.68397964837824,-0.407012997483212,0.404472913663601,-1.0408266394615,0.297956014002165,0.723129202522107
"mmu-miR-485-5p",0.485737449650897,-0.297603673013159,0.342139213497245,-0.884652435422298,0.376344116655515,NA
"mmu-miR-488-3p",0.121191571880941,0.0629130903816316,0.219778198750314,0.285138270872705,0.775538210595678,NA
"mmu-miR-490-5p",0.140317061685604,-0.0727369588815999,0.219778198750314,-0.332968046048299,0.739158403732752,NA
"mmu-miR-491-3p",0.509234025473153,-0.157130156932454,0.381879757594616,-0.42318269477741,0.672161971701491,NA
"mmu-miR-491-5p",38.194769258536,-0.280910227744245,0.272677937140039,-1.03028394918866,0.302876731502954,0.726904155607089
"mmu-miR-494-3p",37.7173448734254,-0.544070252556783,0.28736640579981,-1.89246758298802,0.0584287088505408,0.364005421345355
"mmu-miR-494-5p",0.197041627856977,-0.106649471197408,0.219778198750314,-0.436459324668515,0.662503504623166,NA
"mmu-miR-495-3p",14.9476852827784,-0.371410756916845,0.337743421479251,-1.09754636030544,0.272402626315412,0.692223144519164
"mmu-miR-496a-3p",0.853737637326527,-0.171077934232641,0.39557966270127,-0.505838768696876,0.612969840074647,NA
"mmu-miR-497a-5p",10.2377518544014,-0.0998751586179589,0.354592916630404,-0.277027099929418,0.781759297438026,0.911561549441238
"mmu-miR-497b",0.728718682145424,0.330625361978915,0.397973809966957,0.811654667589789,0.416989813195259,NA
"mmu-miR-499-5p",2.2047553113756,-0.816102758383535,0.423060328234467,-1.91914538982205,0.0549659364871063,0.364005421345355
"mmu-miR-500-3p",23.9946447766296,0.348786481785713,0.378928978546063,1.10707169196666,0.268262933415155,0.68934132857263
"mmu-miR-500-5p",15.277810821976,0.123356846660719,0.273714894389806,0.450900079794848,0.652061566012263,0.88818843679906
"mmu-miR-501-3p",51.4507183272911,0.304647332210132,0.169479750283435,1.79643775192566,0.0724249243140649,0.396045155742735
"mmu-miR-501-5p",912.347901691809,0.204712729070936,0.12157739169891,1.68429199823375,0.0921252510602952,0.43387990647213
"mmu-miR-503-3p",25.7098587838361,-0.0319508867017785,0.217709549549382,-0.148230353404043,0.882160977862902,0.952733856091935
"mmu-miR-503-5p",46.9945110097988,0.0894820145816687,0.270805625571902,0.33545829212528,0.737279401838921,0.899043640328935
"mmu-miR-505-3p",6.38328916754446,0.100980151677281,0.334962062275664,0.305962279613712,0.759633365874292,0.904026485007422
"mmu-miR-5099",2.29362630617213,0.0320684778936325,0.424415993841503,0.0740458882024658,0.940973871946548,0.976468196248435
"mmu-miR-5101",0.530428413893439,-0.0186893833815099,0.344406641682596,0.10893265829385,0.913255903197188,NA
"mmu-miR-5103",14.4869268517521,0.216261183895199,0.301674171176609,0.704505656581609,0.48111792863688,0.829903168642858
"mmu-miR-5104",0.730963789050708,0.191787941328911,0.32324625269475,0.425710056700414,0.670319133089475,NA
"mmu-miR-5107-5p",11.2832930901355,-0.171377903717576,0.358066616817657,-0.424983417510755,0.670848763147953,0.891495733199339
"mmu-miR-511-3p",4.36158047168506,-0.337813776407649,0.392617417024579,-0.856352973630369,0.391802568077311,0.772870819220998
"mmu-miR-5113",0.159858218593168,0.0629130903816316,0.219778198750314,0.286254671202738,0.774683073193638,NA
"mmu-miR-5114",14.10301532461,0.632116840351996,0.311164218748871,2.03489747727436,0.041861189897191,0.311793690268733
"mmu-miR-5116",18.8159880844277,-0.240515028376248,0.255666552367514,-0.941123710716067,0.346641466029221,0.741633278712478
"mmu-miR-5121",1.7354256724585,-0.263222789443419,0.376975185015022,-0.803420563266787,0.421731693555253,0.79525159270134
"mmu-miR-5123",9.07270644964992,0.355755075107714,0.336339146720844,1.06450291918001,0.28710093268746,0.710874156749306
"mmu-miR-5125",0.140317061685604,-0.0727369588815999,0.219778198750314,-0.332968046048299,0.739158403732752,NA
"mmu-miR-5132-3p",3.98942506906319,-0.523871907444764,0.408325344419747,-1.26429735076757,0.206123320119126,0.617885135282842
"mmu-miR-5134-5p",0.529046687021812,0.0197212030291506,0.343398418879994,0.0195678168196625,0.984388137372946,NA
"mmu-miR-532-3p",0.951900217083427,-0.192317546925502,0.400416005270978,-0.581972589197554,0.560585144301417,NA
"mmu-miR-532-5p",135.486556022891,0.13272251404121,0.16688782263871,0.795235885201636,0.426476301065954,0.79525159270134
"mmu-miR-539-5p",5.63697365108586,-0.239505195608047,0.380403786730606,-0.686646816413749,0.492305318854586,0.832057443515155
"mmu-miR-540-3p",17.0949053247075,-0.557238623130935,0.294918309671313,-1.89909484861642,0.0575520063074477,0.364005421345355
"mmu-miR-540-5p",19.8081499040747,-0.419144991350458,0.304893183083583,-1.36845004765072,0.171171247688338,0.565416965155811
"mmu-miR-541-5p",56.3945099627548,-0.101948615402489,0.326891283699756,-0.285446283587616,0.775302252585481,0.911561549441238
"mmu-miR-542-3p",13.2848773195527,0.0881455407926637,0.307722413903208,0.275612532920386,0.782845682506248,0.911561549441238
"mmu-miR-543-3p",18.1861032991511,-0.563143197071978,0.354801015233384,-1.64563140032147,0.0998396702856475,0.451380216394472
"mmu-miR-543-5p",0.356504757403365,-0.0727369588815999,0.219778198750314,-0.278970957851807,0.780267112585017,NA
"mmu-miR-5615-3p",1.71225502078605,0.294446707722641,0.427582801062205,0.758558277878564,0.448116838797704,0.809985248370745
"mmu-miR-5618-5p",0.253948749390216,-0.0924813899908552,0.245201300641403,-0.306447768141917,0.75926374288483,NA
"mmu-miR-5622-5p",0.47413405329764,0.214299726656077,0.348982908075426,0.555952091423091,0.578243606264237,NA
"mmu-miR-574-3p",26.2712366392755,-0.359140179052498,0.267745074543203,-1.34045346004146,0.180097965270954,0.577956441911711
"mmu-miR-574-5p",76.5546857196762,-0.352292492685222,0.225838975948218,-1.56477587512054,0.117635470337289,0.457824533204585
"mmu-miR-582-3p",18.6818598918903,-0.271355988760015,0.299867908893799,-0.904755514921409,0.36559492347852,0.741633278712478
"mmu-miR-582-5p",33.01882847993,0.268456596216532,0.226737157658341,1.19613469886913,0.231643998733661,0.64997539383677
"mmu-miR-598-3p",1.4896156513291,-0.275845660764902,0.423789609491955,-0.539472420465509,0.589560922088221,0.85466294522169
"mmu-miR-599",0.290876582597376,-0.106649471197408,0.219778198750314,-0.41491811936669,0.678201845015999,NA
"mmu-miR-6238",4.95405551329668,0.0146833572472774,0.428521658897108,-0.0739377611130101,0.941059909041622,0.976468196248435
"mmu-miR-6240",37.0439663960945,-0.743093561478371,0.414086415965053,-1.66839940905986,0.0952364655108173,0.44238874301799
"mmu-miR-6392-5p",0.200790263025573,-0.0388244465657921,0.219778198750314,-0.182573274743694,0.85513285551514,NA
"mmu-miR-6516-5p",2.14067266910628,0.328816487235482,0.425974932247121,0.768145367389921,0.442400826580205,0.803013265053146
"mmu-miR-652-3p",1191.65040811862,0.0893746086263384,0.107589312599722,0.830035200646911,0.40651888188958,0.78928611219152
"mmu-miR-652-5p",26.1068541243172,0.211971757221115,0.304824930089501,0.702073911977917,0.482633070700843,0.829903168642858
"mmu-miR-6546-3p",0.220229204175748,-0.0469450943686516,0.239747187262577,-0.195813099904909,0.844756456322686,NA
"mmu-miR-664-3p",6.68690469519457,0.279951649159102,0.416963082041951,0.686079347867428,0.492663073292286,0.832057443515155
"mmu-miR-664-5p",0.469501816405877,0.207645068206443,0.310100638838286,0.673687054031717,0.500510294144042,NA
"mmu-miR-666-3p",0.24212974282168,0.0968256026974395,0.219778198750314,0.42924626912384,0.6677440143406,NA
"mmu-miR-667-5p",0.153218115648615,-0.00491193424998415,0.219778198750314,-0.0223520287196261,0.982167146315831,NA
"mmu-miR-669a-3-3p",0.630092263785586,-0.245992436132396,0.241484689760219,-0.69142952785193,0.489295653250514,NA
"mmu-miR-669b-3p",0.127484289867102,-0.00491193424998412,0.219778198750314,-0.0223527780871894,0.98216654855637,NA
"mmu-miR-669b-5p",3.46172983998399,-0.185731955919981,0.428441636398683,-0.442477490557318,0.658143715315187,0.88818843679906
"mmu-miR-669c-5p",17.7222493898348,-1.00786873206814,0.329631669208071,-3.0510130275339,0.00228070678778507,0.0371057202865765
"mmu-miR-669d-5p",0.9463152968487,-0.127157363407835,0.409447024079462,-0.330330561380526,0.741150203119606,NA
"mmu-miR-669e-5p",0.158925426076385,-0.00491193424998415,0.219778198750314,-0.0223520287196261,0.982167146315831,NA
"mmu-miR-669f-3p",0.923358211550392,-0.321194809841969,0.36201104740401,-0.796065381574123,0.425994034304421,NA
"mmu-miR-669i",0.320996923461674,-0.038824446565792,0.219778198750314,-0.176654629309605,0.85977968083661,NA
"mmu-miR-669l-5p",0.410190426646709,-0.166584727743101,0.22056754897526,-0.706434779602865,0.479917798543971,NA
"mmu-miR-669o-5p",0.456664909798476,-0.185581675269521,0.344383481801909,-0.505586124464529,0.613147224346889,NA
"mmu-miR-669p-3p",0.190029504615469,-0.0049119342499841,0.219778198750314,-0.022352028719626,0.982167146315831,NA
"mmu-miR-670-3p",0.140317061685604,-0.0727369588815999,0.219778198750314,-0.332968046048299,0.739158403732752,NA
"mmu-miR-671-5p",221.905578558352,-0.150443550297694,0.157747280393258,-0.947473331763406,0.343397639208463,0.741633278712478
"mmu-miR-672-5p",66.5005671672641,-0.695927529621101,0.156606967084578,-4.44045080520836,8.97706253553682e-06,0.00055401300219313
"mmu-miR-673-5p",10.2897637409633,-0.725911345351889,0.381953112705309,-1.95649491087818,0.0504068813684272,0.35494731982557
"mmu-miR-674-3p",12.6469064586763,-0.0250745069024981,0.293918141557797,-0.0855487241398442,0.93182516115264,0.976468196248435
"mmu-miR-674-5p",98.27794310376,0.427557651323124,0.169537813766035,2.52891139103981,0.0114416909190099,0.123570261925306
"mmu-miR-675-3p",23.2750669298678,-1.64206196551157,0.428646027489985,-3.94161311633438,8.09354499021148e-05,0.00299283802615289
"mmu-miR-676-3p",8.71163822611182,-1.16173646370532,0.363671424069906,-3.14541506123808,0.00165851346721327,0.0315018187052427
"mmu-miR-676-5p",0.93496694093637,0.0302324516534443,0.382499721244782,0.0397745275295511,0.968272884243231,NA
"mmu-miR-677-5p",3.8307097056912,-0.101548582237364,0.403923555867307,-0.222019097014235,0.824299017036988,0.927445184369719
"mmu-miR-6897-5p",1.94388260821092,-0.11878447815838,0.421997246854883,-0.281227099441564,0.77853622070705,0.911561549441238
"mmu-miR-6898-5p",2.0488891243336,-0.245347883494685,0.428532494861863,-0.613647105820758,0.539448548368758,0.846004611583113
"mmu-miR-6899-3p",0.481540973795289,0.161676853018864,0.34228267383139,0.46727250259774,0.640304926991997,NA
"mmu-miR-690",38.9457413065702,-0.177699882513273,0.423228148032732,-0.327936500525046,0.742959674994051,0.899043640328935
"mmu-miR-6902-5p",0.247656031404056,-0.00733664819195233,0.241245279401039,-0.0241062451436335,0.980767861867016,NA
"mmu-miR-6908-3p",0.794427251095871,-0.103856152793731,0.397401331836685,-0.220225753022379,0.825695340920089,NA
"mmu-miR-6912-5p",0.327888435361077,-0.148626766282669,0.301472794688484,-0.492139253191558,0.622620904628068,NA
"mmu-miR-6917-3p",0.255252296960099,-0.139864835549783,0.248694939112649,-0.537691922686093,0.59078975657985,NA
"mmu-miR-6919-5p",0.416949756893774,-0.234436724636808,0.310628734977079,-0.668426071548181,0.503861657890363,NA
"mmu-miR-693-3p",0.526472533935778,0.0644904806797941,0.310067263790211,0.113748894414795,0.90943685188633,NA
"mmu-miR-6934-5p",0.96861279327638,-0.668453867712215,0.388846156768417,-1.68027949875567,0.0929029479471028,NA
"mmu-miR-6936-5p",0.348880289997763,-0.0541131349826142,0.253717641685219,-0.209894495004166,0.833750018882523,NA
"mmu-miR-6939-3p",4.2406796649264,-0.12350245363894,0.407628312210604,-0.296231423486952,0.767053352712351,0.910349033988285
"mmu-miR-6940-3p",2.90187321844885,-0.0942692194592193,0.41025123025884,-0.229634799389731,0.818375563381228,0.927445184369719
"mmu-miR-6946-3p",0.378538145934772,0.134364409170914,0.307036426843913,0.435581392579442,0.663140473622756,NA
"mmu-miR-6955-5p",5.78952894220034,-0.253736542730415,0.413431598777161,-0.617904245761762,0.536638460096237,0.846004611583113
"mmu-miR-6959-5p",0.261969279295813,-0.141565480699421,0.25004727618163,-0.541356483433166,0.58826189544164,NA
"mmu-miR-6960-5p",0.585003747592108,-0.283743641884912,0.372728893235217,-0.853269739520337,0.393509736995056,NA
"mmu-miR-6967-3p",0.761574703871861,0.555944481309971,0.396052263792632,1.37316154567917,0.169702131328064,NA
"mmu-miR-6969-3p",0.612008470773595,-0.573326779888496,0.377989835243384,-1.49592372598442,0.134673532707536,NA
"mmu-miR-6970-5p",1.02259722054289,-0.394907209418981,0.392874368198234,-0.965514592433599,0.334287130619644,NA
"mmu-miR-6988-3p",1.72707853360548,0.0466594814969699,0.428276447486736,0.0675287990078156,0.946160736053478,0.976468196248435
"mmu-miR-700-3p",65.8516900454787,0.282538064845862,0.197924948586199,1.42785772973249,0.153332812409955,0.53420492485637
"mmu-miR-700-5p",88.7996317452087,0.276516139051622,0.209640994957394,1.32442908056459,0.185360581861745,0.588792436502015
"mmu-miR-701-5p",0.131199945912859,-0.0727369588815999,0.219778198750314,-0.332968046048299,0.739158403732752,NA
"mmu-miR-7011-3p",0.185380429266668,0.0323445412610268,0.231086068792208,0.129535663445432,0.896933807308499,NA
"mmu-miR-7014-5p",0.187356298354144,-0.0388244465657921,0.219778198750314,-0.160818833608415,0.872236091237346,NA
"mmu-miR-7015-3p",0.228850803066271,0.0357042696180003,0.241712604365883,0.147711473605764,0.882570476344178,NA
"mmu-miR-7019-3p",0.483504306113126,-0.234490796695534,0.31150140720655,-0.738554681621135,0.460177451391836,NA
"mmu-miR-702-3p",4.02900056717685,-0.433790126848236,0.404645791049013,-1.1806722291715,0.237732957762823,0.654336255311853
"mmu-miR-7024-3p",0.347767827362278,-0.0103435845270297,0.305257306908566,-0.0233685635241688,0.981356280828725,NA
"mmu-miR-7032-3p",0.369787500978838,0.18923539992344,0.305376796118298,0.573726750222001,0.566152723506585,NA
"mmu-miR-7035-3p",0.497450885994489,0.274304255625724,0.31418733848424,0.795535669693349,0.426301970511706,NA
"mmu-miR-7036a-5p",0.180498826851211,0.0968256026974395,0.219778198750314,0.389308566639418,0.697047899939919,NA
"mmu-miR-7036b-5p",0.406754925770498,0.00378162620809011,0.256903741003483,0.0470965262523157,0.962436295916453,NA
"mmu-miR-7054-3p",0.346330580321705,0.0623376697634419,0.337420535247788,0.148213208560832,0.88217450802253,NA
"mmu-miR-706",1.209462316511,-0.273999034669046,0.399278574507113,-0.71584418795236,0.474087564069233,0.829903168642858
"mmu-miR-7060-5p",0.13360007934989,-0.0727369588815999,0.219778198750314,-0.329752435242291,0.741587030023958,NA
"mmu-miR-7062-5p",2.08941317476544,0.0186349979828168,0.42282692363403,0.0463181965084555,0.963056636157282,0.980435283715921
"mmu-miR-7067-3p",0.382758468727508,0.1981160655335,0.265205387294261,0.685838758763474,0.492814792159455,NA
"mmu-miR-7078-5p",0.124907227926699,-0.00491193424998412,0.219778198750314,-0.0223527780871894,0.98216654855637,NA
"mmu-miR-708-5p",329.79954472603,-1.40925868549834,0.411953270290882,-3.59388548195651,0.000325783069903244,0.00849959516603591
"mmu-miR-7118-3p",0.259243235846367,0.0968256026974395,0.219778198750314,0.426041910319365,0.670077307337935,NA
"mmu-miR-714",0.412691620104736,-0.106071380018498,0.221129463351062,-0.426876880354803,0.66946900583371,NA
"mmu-miR-744-5p",19.7402347871853,0.556863344375975,0.240952434122509,2.31074947268627,0.0208466968682567,0.200128289935265
"mmu-miR-758-3p",0.738338665353289,0.052169620490379,0.373449758773572,0.236827389887753,0.8127907018684,NA
"mmu-miR-760-3p",2.07660129249676,0.360778864421408,0.42804937884686,0.957661002896003,0.338233727272386,0.739992826852194
"mmu-miR-7646-5p",2.13008512851896,0.695956397244092,0.428948493478892,1.60380019491453,0.10875810162647,0.451380216394472
"mmu-miR-7647-5p",0.317694577691015,-0.00994054367800785,0.300266046566161,-0.0331069835914701,0.973589273703585,NA
"mmu-miR-7649-3p",1.63260307941981,-0.123269047794987,0.396969910223472,-0.444671141515061,0.656557427373097,0.88818843679906
"mmu-miR-7651-3p",0.257991260220751,-0.0505253790796861,0.247835736076385,-0.203867935409523,0.838456702665387,NA
"mmu-miR-7652-3p",0.554439647659678,0.257208901694519,0.352775598707085,0.698196562975951,0.48505427564201,NA
"mmu-miR-7654-5p",1.43141099481426,0.348122205004767,0.422371333632012,0.841377164041108,0.40013667438526,0.785722924247421
"mmu-miR-7655-3p",1.95861832063602,-0.0598423214091831,0.424778343786327,-0.133389262366719,0.893885536913611,0.958209806319305
"mmu-miR-7657-3p",0.499841153601071,-0.022022937810974,0.34345859519843,-0.043351978673605,0.965420957149772,NA
"mmu-miR-7657-5p",0.587803293090225,-0.0716185610078926,0.342838522599491,-0.215013005949188,0.829757178421362,NA
"mmu-miR-7658-3p",0.622406419175188,0.796970610133747,0.382275853482044,2.04983645414011,0.0403803929522624,NA
"mmu-miR-7661-3p",0.284765446519867,0.120720990415927,0.295243857603515,0.399165015332002,0.689771619264063,NA
"mmu-miR-7665-5p",0.310706294684427,0.0631987945263613,0.335589247927308,0.148120204607075,0.882247904354873,NA
"mmu-miR-7667-5p",5.60751371264628,0.197073882051155,0.351173429926266,0.56911919051241,0.569275255833265,0.846004611583113
"mmu-miR-7669-5p",0.473901526230985,0.243879698852437,0.311271125796219,0.757705112210112,0.448627537885854,NA
"mmu-miR-7670-5p",0.686550643760569,-0.225138294537242,0.380481058283059,-0.614333302450121,0.538995100246839,NA
"mmu-miR-7673-5p",0.378704509047771,0.190794869573384,0.30530825393593,0.604758720032239,0.545339325558128,NA
"mmu-miR-7674-3p",0.62083942593138,0.0500298164090163,0.309995570765328,0.175488303802323,0.860695960388239,NA
"mmu-miR-7674-5p",0.326597931132478,-0.19798817944828,0.256781832206188,-0.718461728007885,0.472472637814794,NA
"mmu-miR-7675-3p",2.25970912900354,-0.108633259687306,0.429114477737664,-0.205125052152072,0.837474423790681,0.937277075330503
"mmu-miR-7679-5p",0.784664038673364,-0.370515270252532,0.359913802847972,-1.20293178353906,0.229002719682078,NA
"mmu-miR-7688-3p",0.283441368776368,0.121902222863751,0.294672531832701,0.403677420941892,0.686449945358012,NA
"mmu-miR-7688-5p",0.835412053870716,-0.344151136026837,0.398314756844001,-0.73664807972405,0.461336388415388,NA
"mmu-miR-7689-3p",4.17960532078385,-1.19221795942963,0.39735583601946,-2.92775531343093,0.00341418618297333,0.0487242293687528
"mmu-miR-770-3p",3.38438582201282,-0.336470795480386,0.428608224984418,-0.799196306911603,0.424176593040823,0.79525159270134
"mmu-miR-7a-1-3p",41.1833693740934,-0.0708134201149875,0.264036332562807,-0.267486729271028,0.789094430558066,0.915986104575217
"mmu-miR-7a-2-3p",0.380189638526304,0.158780994391763,0.220251504015719,0.666430737593744,0.505135821090837,NA
"mmu-miR-7a-5p",1292.88569452254,0.240022153679576,0.163017598536141,1.47177430521695,0.141081834431141,0.52540821098494
"mmu-miR-7b-5p",49.2860513847562,0.084820171648157,0.264490189588844,0.320439165612122,0.748635439609628,0.900864930115207
"mmu-miR-802-5p",8.06800284641627,0.232308146043763,0.363216917163785,0.638732555498106,0.522996930212582,0.846004611583113
"mmu-miR-8091",0.69749004574744,0.192694837372595,0.393259757264088,0.506018520973517,0.612843647840562,NA
"mmu-miR-8097",8.16255361770178,-0.021512798151219,0.353284997311427,-0.0718204143530503,0.942744826467824,0.976468196248435
"mmu-miR-8103",0.315741283594604,0.1270919356503,0.300041151815086,0.419979412401829,0.674500493523783,NA
"mmu-miR-8106",0.318464461560719,-0.00994920764492882,0.300375077374472,-0.0331238099994319,0.973575855531857,NA
"mmu-miR-8112",2.55704006214775,0.204469126703418,0.429105201636502,0.474146034538411,0.635395773156358,0.871939560981439
"mmu-miR-8114",9.09544086548721,-0.15400039575007,0.315507508300753,-0.485517634244456,0.627309206896691,0.868581978780034
"mmu-miR-8116",0.473083772980944,0.0607837513155552,0.308511596959218,0.248687820143439,0.803602271032,NA
"mmu-miR-8118",0.441329795127999,-0.00406135260628349,0.342964908889365,0.0201934784589602,0.983889030262134,NA
"mmu-miR-8120",0.726268709937922,0.196552120522784,0.394170335103997,0.500810985437946,0.616504153568702,NA
"mmu-miR-872-3p",30.310903909129,-0.137848860391066,0.203639830312386,-0.67967251462972,0.496711843084771,0.832057443515155
"mmu-miR-872-5p",15.373171678209,0.0813917758414978,0.258149651531386,0.31459797062972,0.753066920188493,0.901352194967685
"mmu-miR-874-3p",14.5069234661097,0.532001524517461,0.330326589898252,1.60896541957535,0.107623903232082,0.451380216394472
"mmu-miR-875-5p",8.3886233816937,-0.647768686077464,0.364974415332999,-1.761133505522,0.0782158092468493,0.419524744354688
"mmu-miR-877-3p",1.06940152451931,0.213444274115913,0.400856723346813,0.396855590675316,0.69147395417687,NA
"mmu-miR-877-5p",22.5699421854415,0.0511040794639862,0.262488283856622,0.193392608302064,0.846651503887303,0.941810898432636
"mmu-miR-9-3p",1.35260498377859,0.742008686728791,0.425499884008791,1.7199562681351,0.0854403911958076,0.423450272753439
"mmu-miR-9-5p",60.7872279061743,0.152864770430568,0.364062614649167,0.415296907393473,0.67792456489257,0.891495733199339
"mmu-miR-92a-3p",5765.48722545149,0.0717041078936847,0.118993594709222,0.602422243578774,0.546893107269663,0.846004611583113
"mmu-miR-92b-3p",17.5319553467062,-0.165756536603245,0.282101714372738,-0.588227830754843,0.556379379277932,0.846004611583113
"mmu-miR-93-3p",95.4311785941097,0.0841388809839901,0.148166385097612,0.569237887906226,0.569194711811633,0.846004611583113
"mmu-miR-93-5p",5692.50101464038,-0.111174988788476,0.116243603345751,-0.95581961036758,0.339163378973922,0.739992826852194
"mmu-miR-935",0.547834282070987,-0.210615440623689,0.232232736606587,-0.751041958124296,0.452627404818862,NA
"mmu-miR-96-3p",0.922605734976634,-0.204212487772426,0.390907779693885,-0.585569482553872,0.558164861248961,NA
"mmu-miR-96-5p",567.623311709751,-0.0217304991195594,0.161492628861489,-0.134265889323399,0.893192325346117,0.958209806319305
"mmu-miR-98-3p",1.30046718542148,0.23784248555387,0.426240049342286,0.505783490285676,0.613008649713351,0.862605005459829
"mmu-miR-98-5p",99.2441726763107,0.289238925740492,0.164429208407975,1.7585093059581,0.078660889566504,0.419524744354688
"mmu-miR-99a-3p",4.32998063360559,-1.55187958296383,0.411201580534883,-3.58702301677385,0.000334474809774561,0.00849959516603591
"mmu-miR-99a-5p",152.634501833061,-1.73367509148695,0.309723923103135,-5.59017353570555,2.26842793305456e-08,9.79960867079571e-06
"mmu-miR-99b-5p",225.502970837486,-0.629414708976708,0.339089987541466,-1.84607218942092,0.0648817242909158,0.368801380179942
